<?xml version="1.0" ?>
<LOG_ROOT>
	<PROJECT NAME="123">
		<CBX_INST_ENTRY INSTANCE_NAME="|main|conversaodec_bin:cdb|lpm_divide:Div0" CBX_FILE_NAME="lpm_divide_2jm.tdf"/>
		<CBX_INST_ENTRY INSTANCE_NAME="|main|conversaodec_bin:cdb|lpm_divide:Div2" CBX_FILE_NAME="lpm_divide_2jm.tdf"/>
		<CBX_INST_ENTRY INSTANCE_NAME="|main|conversaodec_bin:cdb|lpm_divide:Mod1" CBX_FILE_NAME="lpm_divide_5bm.tdf"/>
		<CBX_INST_ENTRY INSTANCE_NAME="|main|conversaodec_bin:cdb|lpm_divide:Mod3" CBX_FILE_NAME="lpm_divide_5bm.tdf"/>
		<CBX_INST_ENTRY INSTANCE_NAME="|main|conversaodec_bin:cdb|lpm_divide:Div1" CBX_FILE_NAME="lpm_divide_2jm.tdf"/>
		<CBX_INST_ENTRY INSTANCE_NAME="|main|conversaodec_bin:cdb|lpm_divide:Mod0" CBX_FILE_NAME="lpm_divide_5bm.tdf"/>
		<CBX_INST_ENTRY INSTANCE_NAME="|main|conversaodec_bin:cdb|lpm_divide:Mod2" CBX_FILE_NAME="lpm_divide_5bm.tdf"/>
	</PROJECT>
</LOG_ROOT>
